/*  ***************************************************************************************** 
	|						DDL(LENGUAJE DE DEFINICION DE DATOS)							| 
	***************************************************************************************** */
	USE db_BDSistemaMantenimientosCCI

	/* ---------------- INSERSION DE DATOS EN LA TABLA ESTUDIANTE ---------------- */
	insert into TEstudiante	select 'A0001','Ayquipa','Gomez','Amilcar','11111111','M','Av. La Cultura','998887766','amilcar@cci.edu.pe',BulkColumn FROM Openrowset( Bulk 'D:\proyecto\Version06\Grupo01_MantenimientoEstudiante\Mantenimiento_Estudiantes\Imagenes\Fotos\Foto1.jpg', Single_Blob) as Imagen
	insert into TEstudiante	select 'A0002','Ayquipa','Gomez','Amilcar','11111111','M','Av. La Cultura','998887766','amilcar@cci.edu.pe',BulkColumn FROM Openrowset( Bulk 'D:\proyecto\Version06\Grupo01_MantenimientoEstudiante\Mantenimiento_Estudiantes\Imagenes\Fotos\Foto1.jpg', Single_Blob) as Imagen
	insert into TEstudiante	select 'A0003','Ayquipa','Gomez','Amilcar','11111111','M','Av. La Cultura','998887766','amilcar@cci.edu.pe',BulkColumn FROM Openrowset( Bulk 'D:\proyecto\Version06\Grupo01_MantenimientoEstudiante\Mantenimiento_Estudiantes\Imagenes\Fotos\Foto1.jpg', Single_Blob) as Imagen
	insert into TEstudiante	select 'A0004','Ayquipa','Gomez','Amilcar','11111111','M','Av. La Cultura','998887766','amilcar@cci.edu.pe',BulkColumn FROM Openrowset( Bulk 'D:\proyecto\Version06\Grupo01_MantenimientoEstudiante\Mantenimiento_Estudiantes\Imagenes\Fotos\Foto1.jpg', Single_Blob) as Imagen
	insert into TEstudiante	select 'A0005','Ayquipa','Gomez','Amilcar','11111111','M','Av. La Cultura','998887766','amilcar@cci.edu.pe',BulkColumn FROM Openrowset( Bulk 'D:\proyecto\Version06\Grupo01_MantenimientoEstudiante\Mantenimiento_Estudiantes\Imagenes\Fotos\Foto1.jpg', Single_Blob) as Imagen
	insert into TEstudiante	select 'A0006','Ayquipa','Gomez','Amilcar','11111111','M','Av. La Cultura','998887766','amilcar@cci.edu.pe',BulkColumn FROM Openrowset( Bulk 'D:\proyecto\Version06\Grupo01_MantenimientoEstudiante\Mantenimiento_Estudiantes\Imagenes\Fotos\Foto1.jpg', Single_Blob) as Imagen
	insert into TEstudiante	select 'A0007','Ayquipa','Gomez','Amilcar','11111111','M','Av. La Cultura','998887766','amilcar@cci.edu.pe',BulkColumn FROM Openrowset( Bulk 'D:\proyecto\Version06\Grupo01_MantenimientoEstudiante\Mantenimiento_Estudiantes\Imagenes\Fotos\Foto1.jpg', Single_Blob) as Imagen
	insert into TEstudiante	select 'A0008','Ayquipa','Gomez','Amilcar','11111111','M','Av. La Cultura','998887766','amilcar@cci.edu.pe',BulkColumn FROM Openrowset( Bulk 'D:\proyecto\Version06\Grupo01_MantenimientoEstudiante\Mantenimiento_Estudiantes\Imagenes\Fotos\Foto1.jpg', Single_Blob) as Imagen
	insert into TEstudiante	select 'A0009','Ayquipa','Gomez','Amilcar','11111111','M','Av. La Cultura','998887766','amilcar@cci.edu.pe',BulkColumn FROM Openrowset( Bulk 'D:\proyecto\Version06\Grupo01_MantenimientoEstudiante\Mantenimiento_Estudiantes\Imagenes\Fotos\Foto1.jpg', Single_Blob) as Imagen
	insert into TEstudiante	select 'A0010','Ayquipa','Gomez','Amilcar','11111111','M','Av. La Cultura','998887766','amilcar@cci.edu.pe',BulkColumn FROM Openrowset( Bulk 'D:\proyecto\Version06\Grupo01_MantenimientoEstudiante\Mantenimiento_Estudiantes\Imagenes\Fotos\Foto1.jpg', Single_Blob) as Imagen
	insert into TEstudiante	select 'A0011','Ayquipa','Gomez','Amilcar','11111111','M','Av. La Cultura','998887766','amilcar@cci.edu.pe',BulkColumn FROM Openrowset( Bulk 'D:\proyecto\Version06\Grupo01_MantenimientoEstudiante\Mantenimiento_Estudiantes\Imagenes\Fotos\Foto1.jpg', Single_Blob) as Imagen
	insert into TEstudiante	select 'A0012','Ayquipa','Gomez','Amilcar','11111111','M','Av. La Cultura','998887766','amilcar@cci.edu.pe',BulkColumn FROM Openrowset( Bulk 'D:\proyecto\Version06\Grupo01_MantenimientoEstudiante\Mantenimiento_Estudiantes\Imagenes\Fotos\Foto1.jpg', Single_Blob) as Imagen
	insert into TEstudiante	select 'A0013','Ayquipa','Gomez','Amilcar','11111111','M','Av. La Cultura','998887766','amilcar@cci.edu.pe',BulkColumn FROM Openrowset( Bulk 'D:\proyecto\Version06\Grupo01_MantenimientoEstudiante\Mantenimiento_Estudiantes\Imagenes\Fotos\Foto1.jpg', Single_Blob) as Imagen
	insert into TEstudiante	select 'A0014','Ayquipa','Gomez','Amilcar','11111111','M','Av. La Cultura','998887766','amilcar@cci.edu.pe',BulkColumn FROM Openrowset( Bulk 'D:\proyecto\Version06\Grupo01_MantenimientoEstudiante\Mantenimiento_Estudiantes\Imagenes\Fotos\Foto1.jpg', Single_Blob) as Imagen
	insert into TEstudiante	select 'A0015','Ayquipa','Gomez','Amilcar','11111111','M','Av. La Cultura','998887766','amilcar@cci.edu.pe',BulkColumn FROM Openrowset( Bulk 'D:\proyecto\Version06\Grupo01_MantenimientoEstudiante\Mantenimiento_Estudiantes\Imagenes\Fotos\Foto1.jpg', Single_Blob) as Imagen
	insert into TEstudiante select 'A0016','Ayquipa','Gomez','Amilcar','11111111','M','Av. La Cultura','998887766','amilcar@cci.edu.pe',BulkColumn FROM Openrowset( Bulk 'D:\proyecto\Version06\Grupo01_MantenimientoEstudiante\Mantenimiento_Estudiantes\Imagenes\Fotos\Foto1.jpg', Single_Blob) as Imagen
	insert into TEstudiante select 'A0017','Ayquipa','Gomez','Amilcar','11111111','M','Av. La Cultura','998887766','amilcar@cci.edu.pe',BulkColumn FROM Openrowset( Bulk 'D:\proyecto\Version06\Grupo01_MantenimientoEstudiante\Mantenimiento_Estudiantes\Imagenes\Fotos\Foto1.jpg', Single_Blob) as Imagen
	insert into TEstudiante select 'A0018','Ayquipa','Gomez','Amilcar','11111111','M','Av. La Cultura','998887766','amilcar@cci.edu.pe',BulkColumn FROM Openrowset( Bulk 'D:\proyecto\Version06\Grupo01_MantenimientoEstudiante\Mantenimiento_Estudiantes\Imagenes\Fotos\Foto1.jpg', Single_Blob) as Imagen
	insert into TEstudiante select 'A0019','Ayquipa','Gomez','Amilcar','11111111','M','Av. La Cultura','998887766','amilcar@cci.edu.pe',BulkColumn FROM Openrowset( Bulk 'D:\proyecto\Version06\Grupo01_MantenimientoEstudiante\Mantenimiento_Estudiantes\Imagenes\Fotos\Foto1.jpg', Single_Blob) as Imagen
	insert into TEstudiante select 'A0020','Ayquipa','Gomez','Amilcar','11111111','M','Av. La Cultura','998887766','amilcar@cci.edu.pe',BulkColumn FROM Openrowset( Bulk 'D:\proyecto\Version06\Grupo01_MantenimientoEstudiante\Mantenimiento_Estudiantes\Imagenes\Fotos\Foto1.jpg', Single_Blob) as Imagen
	insert into TEstudiante select 'A0021','Ayquipa','Gomez','Amilcar','11111111','M','Av. La Cultura','998887766','amilcar@cci.edu.pe',BulkColumn FROM Openrowset( Bulk 'D:\proyecto\Version06\Grupo01_MantenimientoEstudiante\Mantenimiento_Estudiantes\Imagenes\Fotos\Foto1.jpg', Single_Blob) as Imagen
	insert into TEstudiante select 'A0022','Ayquipa','Gomez','Amilcar','11111111','M','Av. La Cultura','998887766','amilcar@cci.edu.pe',BulkColumn FROM Openrowset( Bulk 'D:\proyecto\Version06\Grupo01_MantenimientoEstudiante\Mantenimiento_Estudiantes\Imagenes\Fotos\Foto1.jpg', Single_Blob) as Imagen
	insert into TEstudiante select 'A0023','Ayquipa','Gomez','Amilcar','11111111','M','Av. La Cultura','998887766','amilcar@cci.edu.pe',BulkColumn FROM Openrowset( Bulk 'D:\proyecto\Version06\Grupo01_MantenimientoEstudiante\Mantenimiento_Estudiantes\Imagenes\Fotos\Foto1.jpg', Single_Blob) as Imagen
	insert into TEstudiante select 'A0024','Ayquipa','Gomez','Amilcar','11111111','M','Av. La Cultura','998887766','amilcar@cci.edu.pe',BulkColumn FROM Openrowset( Bulk 'D:\proyecto\Version06\Grupo01_MantenimientoEstudiante\Mantenimiento_Estudiantes\Imagenes\Fotos\Foto1.jpg', Single_Blob) as Imagen
	insert into TEstudiante select 'A0025','Ayquipa','Gomez','Amilcar','11111111','M','Av. La Cultura','998887766','amilcar@cci.edu.pe',BulkColumn FROM Openrowset( Bulk 'D:\proyecto\Version06\Grupo01_MantenimientoEstudiante\Mantenimiento_Estudiantes\Imagenes\Fotos\Foto1.jpg', Single_Blob) as Imagen
	insert into TEstudiante select 'A0026','Ayquipa','Gomez','Amilcar','11111111','M','Av. La Cultura','998887766','amilcar@cci.edu.pe',BulkColumn FROM Openrowset( Bulk 'D:\proyecto\Version06\Grupo01_MantenimientoEstudiante\Mantenimiento_Estudiantes\Imagenes\Fotos\Foto1.jpg', Single_Blob) as Imagen
	insert into TEstudiante select 'A0027','Ayquipa','Gomez','Amilcar','11111111','M','Av. La Cultura','998887766','amilcar@cci.edu.pe',BulkColumn FROM Openrowset( Bulk 'D:\proyecto\Version06\Grupo01_MantenimientoEstudiante\Mantenimiento_Estudiantes\Imagenes\Fotos\Foto1.jpg', Single_Blob) as Imagen
	insert into TEstudiante select 'A0028','Ayquipa','Gomez','Amilcar','11111111','M','Av. La Cultura','998887766','amilcar@cci.edu.pe',BulkColumn FROM Openrowset( Bulk 'D:\proyecto\Version06\Grupo01_MantenimientoEstudiante\Mantenimiento_Estudiantes\Imagenes\Fotos\Foto1.jpg', Single_Blob) as Imagen
	insert into TEstudiante select 'A0029','Ayquipa','Gomez','Amilcar','11111111','M','Av. La Cultura','998887766','amilcar@cci.edu.pe',BulkColumn FROM Openrowset( Bulk 'D:\proyecto\Version06\Grupo01_MantenimientoEstudiante\Mantenimiento_Estudiantes\Imagenes\Fotos\Foto1.jpg', Single_Blob) as Imagen
	insert into TEstudiante select 'A0030','Ayquipa','Gomez','Amilcar','11111111','M','Av. La Cultura','998887766','amilcar@cci.edu.pe',BulkColumn FROM Openrowset( Bulk 'D:\proyecto\Version06\Grupo01_MantenimientoEstudiante\Mantenimiento_Estudiantes\Imagenes\Fotos\Foto1.jpg', Single_Blob) as Imagen
	insert into TEstudiante select 'A0031','Ayquipa','Gomez','Amilcar','11111111','M','Av. La Cultura','998887766','amilcar@cci.edu.pe',BulkColumn FROM Openrowset( Bulk 'D:\proyecto\Version06\Grupo01_MantenimientoEstudiante\Mantenimiento_Estudiantes\Imagenes\Fotos\Foto1.jpg', Single_Blob) as Imagen
	insert into TEstudiante select 'A0032','Ayquipa','Gomez','Amilcar','11111111','M','Av. La Cultura','998887766','amilcar@cci.edu.pe',BulkColumn FROM Openrowset( Bulk 'D:\proyecto\Version06\Grupo01_MantenimientoEstudiante\Mantenimiento_Estudiantes\Imagenes\Fotos\Foto1.jpg', Single_Blob) as Imagen
	insert into TEstudiante select 'A0033','Ayquipa','Gomez','Amilcar','11111111','M','Av. La Cultura','998887766','amilcar@cci.edu.pe',BulkColumn FROM Openrowset( Bulk 'D:\proyecto\Version06\Grupo01_MantenimientoEstudiante\Mantenimiento_Estudiantes\Imagenes\Fotos\Foto1.jpg', Single_Blob) as Imagen
	insert into TEstudiante select 'A0034','Ayquipa','Gomez','Amilcar','11111111','M','Av. La Cultura','998887766','amilcar@cci.edu.pe',BulkColumn FROM Openrowset( Bulk 'D:\proyecto\Version06\Grupo01_MantenimientoEstudiante\Mantenimiento_Estudiantes\Imagenes\Fotos\Foto1.jpg', Single_Blob) as Imagen
	insert into TEstudiante select 'A0035','Ayquipa','Gomez','Amilcar','11111111','M','Av. La Cultura','998887766','amilcar@cci.edu.pe',BulkColumn FROM Openrowset( Bulk 'D:\proyecto\Version06\Grupo01_MantenimientoEstudiante\Mantenimiento_Estudiantes\Imagenes\Fotos\Foto1.jpg', Single_Blob) as Imagen
	insert into TEstudiante select 'A0036','Ayquipa','Gomez','Amilcar','11111111','M','Av. La Cultura','998887766','amilcar@cci.edu.pe',BulkColumn FROM Openrowset( Bulk 'D:\proyecto\Version06\Grupo01_MantenimientoEstudiante\Mantenimiento_Estudiantes\Imagenes\Fotos\Foto1.jpg', Single_Blob) as Imagen
	insert into TEstudiante select 'A0037','Ayquipa','Gomez','Amilcar','11111111','M','Av. La Cultura','998887766','amilcar@cci.edu.pe',BulkColumn FROM Openrowset( Bulk 'D:\proyecto\Version06\Grupo01_MantenimientoEstudiante\Mantenimiento_Estudiantes\Imagenes\Fotos\Foto1.jpg', Single_Blob) as Imagen
	insert into TEstudiante select 'A0038','Ayquipa','Gomez','Amilcar','11111111','M','Av. La Cultura','998887766','amilcar@cci.edu.pe',BulkColumn FROM Openrowset( Bulk 'D:\proyecto\Version06\Grupo01_MantenimientoEstudiante\Mantenimiento_Estudiantes\Imagenes\Fotos\Foto1.jpg', Single_Blob) as Imagen
	insert into TEstudiante select 'A0039','Ayquipa','Gomez','Amilcar','11111111','M','Av. La Cultura','998887766','amilcar@cci.edu.pe',BulkColumn FROM Openrowset( Bulk 'D:\proyecto\Version06\Grupo01_MantenimientoEstudiante\Mantenimiento_Estudiantes\Imagenes\Fotos\Foto1.jpg', Single_Blob) as Imagen
	insert into TEstudiante select 'A0040','Ayquipa','Gomez','Amilcar','11111111','M','Av. La Cultura','998887766','amilcar@cci.edu.pe',BulkColumn FROM Openrowset( Bulk 'D:\proyecto\Version06\Grupo01_MantenimientoEstudiante\Mantenimiento_Estudiantes\Imagenes\Fotos\Foto1.jpg', Single_Blob) as Imagen
	insert into TEstudiante select 'A0041','Ayquipa','Gomez','Amilcar','11111111','M','Av. La Cultura','998887766','amilcar@cci.edu.pe',BulkColumn FROM Openrowset( Bulk 'D:\proyecto\Version06\Grupo01_MantenimientoEstudiante\Mantenimiento_Estudiantes\Imagenes\Fotos\Foto1.jpg', Single_Blob) as Imagen
	insert into TEstudiante select 'A0042','Ayquipa','Gomez','Amilcar','11111111','M','Av. La Cultura','998887766','amilcar@cci.edu.pe',BulkColumn FROM Openrowset( Bulk 'D:\proyecto\Version06\Grupo01_MantenimientoEstudiante\Mantenimiento_Estudiantes\Imagenes\Fotos\Foto1.jpg', Single_Blob) as Imagen
	insert into TEstudiante select 'A0043','Ayquipa','Gomez','Amilcar','11111111','M','Av. La Cultura','998887766','amilcar@cci.edu.pe',BulkColumn FROM Openrowset( Bulk 'D:\proyecto\Version06\Grupo01_MantenimientoEstudiante\Mantenimiento_Estudiantes\Imagenes\Fotos\Foto1.jpg', Single_Blob) as Imagen
	insert into TEstudiante select 'A0044','Ayquipa','Gomez','Amilcar','11111111','M','Av. La Cultura','998887766','amilcar@cci.edu.pe',BulkColumn FROM Openrowset( Bulk 'D:\proyecto\Version06\Grupo01_MantenimientoEstudiante\Mantenimiento_Estudiantes\Imagenes\Fotos\Foto1.jpg', Single_Blob) as Imagen
	insert into TEstudiante select 'A0045','Ayquipa','Gomez','Amilcar','11111111','M','Av. La Cultura','998887766','amilcar@cci.edu.pe',BulkColumn FROM Openrowset( Bulk 'D:\proyecto\Version06\Grupo01_MantenimientoEstudiante\Mantenimiento_Estudiantes\Imagenes\Fotos\Foto1.jpg', Single_Blob) as Imagen
	insert into TEstudiante select 'A0046','Ayquipa','Gomez','Amilcar','11111111','M','Av. La Cultura','998887766','amilcar@cci.edu.pe',BulkColumn FROM Openrowset( Bulk 'D:\proyecto\Version06\Grupo01_MantenimientoEstudiante\Mantenimiento_Estudiantes\Imagenes\Fotos\Foto1.jpg', Single_Blob) as Imagen
	insert into TEstudiante select 'A0047','Ayquipa','Gomez','Amilcar','11111111','M','Av. La Cultura','998887766','amilcar@cci.edu.pe',BulkColumn FROM Openrowset( Bulk 'D:\proyecto\Version06\Grupo01_MantenimientoEstudiante\Mantenimiento_Estudiantes\Imagenes\Fotos\Foto1.jpg', Single_Blob) as Imagen
	insert into TEstudiante select 'A0048','Ayquipa','Gomez','Amilcar','11111111','M','Av. La Cultura','998887766','amilcar@cci.edu.pe',BulkColumn FROM Openrowset( Bulk 'D:\proyecto\Version06\Grupo01_MantenimientoEstudiante\Mantenimiento_Estudiantes\Imagenes\Fotos\Foto1.jpg', Single_Blob) as Imagen
	insert into TEstudiante select 'A0049','Ayquipa','Gomez','Amilcar','11111111','M','Av. La Cultura','998887766','amilcar@cci.edu.pe',BulkColumn FROM Openrowset( Bulk 'D:\proyecto\Version06\Grupo01_MantenimientoEstudiante\Mantenimiento_Estudiantes\Imagenes\Fotos\Foto1.jpg', Single_Blob) as Imagen
	insert into TEstudiante select 'A0050','Ayquipa','Gomez','Amilcar','11111111','M','Av. La Cultura','998887766','amilcar@cci.edu.pe',BulkColumn FROM Openrowset( Bulk 'D:\proyecto\Version06\Grupo01_MantenimientoEstudiante\Mantenimiento_Estudiantes\Imagenes\Fotos\Foto1.jpg', Single_Blob) as Imagen
	insert into TEstudiante select 'A0051','Ayquipa','Gomez','Amilcar','11111111','M','Av. La Cultura','998887766','amilcar@cci.edu.pe',BulkColumn FROM Openrowset( Bulk 'D:\proyecto\Version06\Grupo01_MantenimientoEstudiante\Mantenimiento_Estudiantes\Imagenes\Fotos\Foto1.jpg', Single_Blob) as Imagen
	insert into TEstudiante select 'A0052','Ayquipa','Gomez','Amilcar','11111111','M','Av. La Cultura','998887766','amilcar@cci.edu.pe',BulkColumn FROM Openrowset( Bulk 'D:\proyecto\Version06\Grupo01_MantenimientoEstudiante\Mantenimiento_Estudiantes\Imagenes\Fotos\Foto1.jpg', Single_Blob) as Imagen
	insert into TEstudiante select 'A0053','Ayquipa','Gomez','Amilcar','11111111','M','Av. La Cultura','998887766','amilcar@cci.edu.pe',BulkColumn FROM Openrowset( Bulk 'D:\proyecto\Version06\Grupo01_MantenimientoEstudiante\Mantenimiento_Estudiantes\Imagenes\Fotos\Foto1.jpg', Single_Blob) as Imagen
	insert into TEstudiante select 'A0054','Ayquipa','Gomez','Amilcar','11111111','M','Av. La Cultura','998887766','amilcar@cci.edu.pe',BulkColumn FROM Openrowset( Bulk 'D:\proyecto\Version06\Grupo01_MantenimientoEstudiante\Mantenimiento_Estudiantes\Imagenes\Fotos\Foto1.jpg', Single_Blob) as Imagen
	insert into TEstudiante select 'A0055','Ayquipa','Gomez','Amilcar','11111111','M','Av. La Cultura','998887766','amilcar@cci.edu.pe',BulkColumn FROM Openrowset( Bulk 'D:\proyecto\Version06\Grupo01_MantenimientoEstudiante\Mantenimiento_Estudiantes\Imagenes\Fotos\Foto1.jpg', Single_Blob) as Imagen
	insert into TEstudiante select 'A0056','Ayquipa','Gomez','Amilcar','11111111','M','Av. La Cultura','998887766','amilcar@cci.edu.pe',BulkColumn FROM Openrowset( Bulk 'D:\proyecto\Version06\Grupo01_MantenimientoEstudiante\Mantenimiento_Estudiantes\Imagenes\Fotos\Foto1.jpg', Single_Blob) as Imagen
	insert into TEstudiante select 'A0057','Ayquipa','Gomez','Amilcar','11111111','M','Av. La Cultura','998887766','amilcar@cci.edu.pe',BulkColumn FROM Openrowset( Bulk 'D:\proyecto\Version06\Grupo01_MantenimientoEstudiante\Mantenimiento_Estudiantes\Imagenes\Fotos\Foto1.jpg', Single_Blob) as Imagen
	insert into TEstudiante select 'A0058','Ayquipa','Gomez','Amilcar','11111111','M','Av. La Cultura','998887766','amilcar@cci.edu.pe',BulkColumn FROM Openrowset( Bulk 'D:\proyecto\Version06\Grupo01_MantenimientoEstudiante\Mantenimiento_Estudiantes\Imagenes\Fotos\Foto1.jpg', Single_Blob) as Imagen
	insert into TEstudiante select 'A0059','Ayquipa','Gomez','Amilcar','11111111','M','Av. La Cultura','998887766','amilcar@cci.edu.pe',BulkColumn FROM Openrowset( Bulk 'D:\proyecto\Version06\Grupo01_MantenimientoEstudiante\Mantenimiento_Estudiantes\Imagenes\Fotos\Foto1.jpg', Single_Blob) as Imagen
	insert into TEstudiante select 'A0060','Ayquipa','Gomez','Amilcar','11111111','M','Av. La Cultura','998887766','amilcar@cci.edu.pe',BulkColumn FROM Openrowset( Bulk 'D:\proyecto\Version06\Grupo01_MantenimientoEstudiante\Mantenimiento_Estudiantes\Imagenes\Fotos\Foto1.jpg', Single_Blob) as Imagen
	insert into TEstudiante select 'A0061','Ayquipa','Gomez','Amilcar','11111111','M','Av. La Cultura','998887766','amilcar@cci.edu.pe',BulkColumn FROM Openrowset( Bulk 'D:\proyecto\Version06\Grupo01_MantenimientoEstudiante\Mantenimiento_Estudiantes\Imagenes\Fotos\Foto1.jpg', Single_Blob) as Imagen
	insert into TEstudiante select 'A0062','Ayquipa','Gomez','Amilcar','11111111','M','Av. La Cultura','998887766','amilcar@cci.edu.pe',BulkColumn FROM Openrowset( Bulk 'D:\proyecto\Version06\Grupo01_MantenimientoEstudiante\Mantenimiento_Estudiantes\Imagenes\Fotos\Foto1.jpg', Single_Blob) as Imagen
	insert into TEstudiante select 'A0063','Ayquipa','Gomez','Amilcar','11111111','M','Av. La Cultura','998887766','amilcar@cci.edu.pe',BulkColumn FROM Openrowset( Bulk 'D:\proyecto\Version06\Grupo01_MantenimientoEstudiante\Mantenimiento_Estudiantes\Imagenes\Fotos\Foto1.jpg', Single_Blob) as Imagen
	insert into TEstudiante select 'A0064','Ayquipa','Gomez','Amilcar','11111111','M','Av. La Cultura','998887766','amilcar@cci.edu.pe',BulkColumn FROM Openrowset( Bulk 'D:\proyecto\Version06\Grupo01_MantenimientoEstudiante\Mantenimiento_Estudiantes\Imagenes\Fotos\Foto1.jpg', Single_Blob) as Imagen
	insert into TEstudiante select 'A0065','Ayquipa','Gomez','Amilcar','11111111','M','Av. La Cultura','998887766','amilcar@cci.edu.pe',BulkColumn FROM Openrowset( Bulk 'D:\proyecto\Version06\Grupo01_MantenimientoEstudiante\Mantenimiento_Estudiantes\Imagenes\Fotos\Foto1.jpg', Single_Blob) as Imagen
	insert into TEstudiante select 'A0066','Ayquipa','Gomez','Amilcar','11111111','M','Av. La Cultura','998887766','amilcar@cci.edu.pe',BulkColumn FROM Openrowset( Bulk 'D:\proyecto\Version06\Grupo01_MantenimientoEstudiante\Mantenimiento_Estudiantes\Imagenes\Fotos\Foto1.jpg', Single_Blob) as Imagen
	insert into TEstudiante select 'A0067','Ayquipa','Gomez','Amilcar','11111111','M','Av. La Cultura','998887766','amilcar@cci.edu.pe',BulkColumn FROM Openrowset( Bulk 'D:\proyecto\Version06\Grupo01_MantenimientoEstudiante\Mantenimiento_Estudiantes\Imagenes\Fotos\Foto1.jpg', Single_Blob) as Imagen
	insert into TEstudiante select 'A0068','Ayquipa','Gomez','Amilcar','11111111','M','Av. La Cultura','998887766','amilcar@cci.edu.pe',BulkColumn FROM Openrowset( Bulk 'D:\proyecto\Version06\Grupo01_MantenimientoEstudiante\Mantenimiento_Estudiantes\Imagenes\Fotos\Foto1.jpg', Single_Blob) as Imagen
	insert into TEstudiante select 'A0069','Ayquipa','Gomez','Amilcar','11111111','M','Av. La Cultura','998887766','amilcar@cci.edu.pe',BulkColumn FROM Openrowset( Bulk 'D:\proyecto\Version06\Grupo01_MantenimientoEstudiante\Mantenimiento_Estudiantes\Imagenes\Fotos\Foto1.jpg', Single_Blob) as Imagen
	insert into TEstudiante select 'A0070','Ayquipa','Gomez','Amilcar','11111111','M','Av. La Cultura','998887766','amilcar@cci.edu.pe',BulkColumn FROM Openrowset( Bulk 'D:\proyecto\Version06\Grupo01_MantenimientoEstudiante\Mantenimiento_Estudiantes\Imagenes\Fotos\Foto1.jpg', Single_Blob) as Imagen
	insert into TEstudiante select 'A0071','Ayquipa','Gomez','Amilcar','11111111','M','Av. La Cultura','998887766','amilcar@cci.edu.pe',BulkColumn FROM Openrowset( Bulk 'D:\proyecto\Version06\Grupo01_MantenimientoEstudiante\Mantenimiento_Estudiantes\Imagenes\Fotos\Foto1.jpg', Single_Blob) as Imagen
	insert into TEstudiante select 'A0072','Ayquipa','Gomez','Amilcar','11111111','M','Av. La Cultura','998887766','amilcar@cci.edu.pe',BulkColumn FROM Openrowset( Bulk 'D:\proyecto\Version06\Grupo01_MantenimientoEstudiante\Mantenimiento_Estudiantes\Imagenes\Fotos\Foto1.jpg', Single_Blob) as Imagen
	
	--USE db_BDSistemaMantenimientosCCI
	--exec speliminar_estudiante 'A0015'
	--exec spbuscar_estudiante_codigo 'A0016'
	--exec spmostrar_estudiante
	--select * from TEstudiante
	delete from TEstudiante

	/*===================================================================================================*/
	insert into TDocentes select 'D001','Raul','Gutierrez','Farfan','Contratado','Av. Paz','raul@cci.edu.pe','988434543','M',BulkColumn  FROM Openrowset( Bulk 'D:\proyecto\Version06\Grupo01_MantenimientoEstudiante\Mantenimiento_Estudiantes\Imagenes\Fotos\Foto2.jpg', Single_Blob) as Imagen
	insert into TDocentes select 'D002','Raul','Gutierrez','Farfan','Contratado','Av. Paz','raul@cci.edu.pe','988434543','M',BulkColumn  FROM Openrowset( Bulk 'D:\proyecto\Version06\Grupo01_MantenimientoEstudiante\Mantenimiento_Estudiantes\Imagenes\Fotos\Foto2.jpg', Single_Blob) as Imagen
	insert into TDocentes select 'D003','Raul','Gutierrez','Farfan','Contratado','Av. Paz','raul@cci.edu.pe','988434543','M',BulkColumn  FROM Openrowset( Bulk 'D:\proyecto\Version06\Grupo01_MantenimientoEstudiante\Mantenimiento_Estudiantes\Imagenes\Fotos\Foto2.jpg', Single_Blob) as Imagen
	insert into TDocentes select 'D004','Raul','Gutierrez','Farfan','Contratado','Av. Paz','raul@cci.edu.pe','988434543','M',BulkColumn  FROM Openrowset( Bulk 'D:\proyecto\Version06\Grupo01_MantenimientoEstudiante\Mantenimiento_Estudiantes\Imagenes\Fotos\Foto2.jpg', Single_Blob) as Imagen
	insert into TDocentes select 'D005','Raul','Gutierrez','Farfan','Contratado','Av. Paz','raul@cci.edu.pe','988434543','M',BulkColumn  FROM Openrowset( Bulk 'D:\proyecto\Version06\Grupo01_MantenimientoEstudiante\Mantenimiento_Estudiantes\Imagenes\Fotos\Foto2.jpg', Single_Blob) as Imagen
	insert into TDocentes select 'D006','Raul','Gutierrez','Farfan','Contratado','Av. Paz','raul@cci.edu.pe','988434543','M',BulkColumn  FROM Openrowset( Bulk 'D:\proyecto\Version06\Grupo01_MantenimientoEstudiante\Mantenimiento_Estudiantes\Imagenes\Fotos\Foto2.jpg', Single_Blob) as Imagen
	insert into TDocentes select 'D007','Raul','Ayquipa','Farfan','Contratado','Av. Paz','raul@cci.edu.pe','988434543','M',BulkColumn  FROM Openrowset( Bulk 'D:\proyecto\Version06\Grupo01_MantenimientoEstudiante\Mantenimiento_Estudiantes\Imagenes\Fotos\Foto2.jpg', Single_Blob) as Imagen

	--USE db_BDSistemaMantenimientosCCI
	--exec BuscarDocente'D006'
	--exec EliminarDocente 'D005'
	--exec ListarDocentes
    --select * from TDocentes

	/*===================================================================================================*/
	insert into TCurso values ('C001','Matematica','OEES','DAI','A','DESACTIVO',5,'Lu Mi Vi')
	insert into TCurso values ('C002','Base de datos','OEES','DAI','A','DESACTIVO',5,'Lu Mi Vi')
	insert into TCurso values ('C003','Algoritmica','OEES','DAI','A','DESACTIVO',5,'Lu Mi Vi')
	insert into TCurso values ('C004','Redes','OEES','DAI','A','DESACTIVO',5,'Lu Mi Vi')
	insert into TCurso values ('C005','Desarrollo','OEES','DAI','A','DESACTIVO',5,'Lu Mi Vi')
	insert into TCurso values ('C006','DesarrolloII','OEES','DAI','A','DESACTIVO',5,'Lu Mi Vi')

	--insert into TCurso Values ('C001','OFIMATICA I','A','Lu-Vi: 07-09','DESACTIVADO', 10)
	--insert into TCurso Values ('C002','OFIMATICA I','B','Lu-Vi: 15-17','DESACTIVADO', 10)
	--insert into TCurso Values ('C003','OFIMATICA II','A','Lu-Vi: 07-09','DESACTIVADO', 12)
	--insert into TCurso Values ('C004','OFIMATICA II','B','Lu-Vi: 15-17','DESACTIVADO', 12)
	--insert into TCurso Values ('C005','OFFICE INTENSIVO','A','Lu-Vi: 07-11','DESACTIVADO', 10)
	--insert into TCurso Values ('C006','OFFICE INTENSIVO','B','Lu-Vi: 15-19','DESACTIVADO', 12)
	insert into TCurso Values ('C007','AUTOCAD 2D','EESS','DAI','A','ACTIVADO',19,'Ma-Ju: 07-09')
	insert into TCurso Values ('C008','AUTOCAD 2D','EESS','DAI','A','DESACTIVADO',19,'Ma-Ju: 07-09')
	insert into TCurso Values ('C009','AUTOCAD 2D','EESS','DAI','A','DESACTIVADO',19,'Ma-Ju: 07-09')
	insert into TCurso Values ('C010','AUTOCAD 2D','EESS','DAI','A','DESACTIVADO',19,'Ma-Ju: 07-09')
	insert into TCurso Values ('C011','AUTOCAD 2D','EESS','DAI','A','DESACTIVADO',19,'Ma-Ju: 07-09')
	insert into TCurso Values ('C012','AUTOCAD 2D','EESS','DAI','A','DESACTIVADO',19,'Ma-Ju: 07-09')
	insert into TCurso Values ('C013','AUTOCAD 2D','EESS','DAI','A','DESACTIVADO',19,'Ma-Ju: 07-09')
	insert into TCurso Values ('C014','AUTOCAD 2D','EESS','DAI','A','DESACTIVADO',19,'Ma-Ju: 07-09')
	insert into TCurso Values ('C015','AUTOCAD 2D','EESS','DAI','A','DESACTIVADO',19,'Ma-Ju: 07-09')
	insert into TCurso Values ('C016','AUTOCAD 2D','EESS','DAI','A','ACTIVADO',19,'Ma-Ju: 07-09')
	insert into TCurso Values ('C018','AUTOCAD 2D','EESS','DAI','A','DESACTIVADO',19,'Ma-Ju: 07-09')
	insert into TCurso Values ('C019','AUTOCAD 2D','EESS','DAI','A','DESACTIVADO',19,'Ma-Ju: 07-09')
	insert into TCurso Values ('C020','AUTOCAD 2D','EESS','DAI','A','DESACTIVADO',19,'Ma-Ju: 07-09')
	insert into TCurso Values ('C021','AUTOCAD 2D','EESS','DAI','A','DESACTIVADO',19,'Ma-Ju: 07-09')
	insert into TCurso Values ('C022','AUTOCAD 2D','EESS','DAI','A','DESACTIVADO',19,'Ma-Ju: 07-09')
	insert into TCurso Values ('C023','AUTOCAD 2D','EESS','DAI','A','DESACTIVADO',19,'Ma-Ju: 07-09')
	insert into TCurso Values ('C024','AUTOCAD 2D','EESS','DAI','A','ACTIVADO',19,'Ma-Ju: 07-09')

	select * from TCurso
	/*insert into TCurso Values ('C008','AUTOCAD 2D','B','Ma-Ju: 15-17','DESACTIVADO', 15)
	insert into TCurso Values ('C009','AUTOCAD 3D','A','Ma-Ju: 07-09','DESACTIVADO', 20)
	insert into TCurso Values ('C010','AUTOCAD 3D','B','Ma-Ju: 15-17','DESACTIVADO', 20)
	insert into TCurso Values ('C011','ARCHICAD','A','Lu-Vi: 11-13','DESACTIVADO', 10)
	insert into TCurso Values ('C012','ARCHICAD','B','Lu-Vi: 09-11','DESACTIVADO', 10)
	insert into TCurso Values ('C013','ARCGIS I','A','Ma-Ju: 09-11','DESACTIVADO', 20)
	insert into TCurso Values ('C014','ARCGIS I','B','Ma-Ju: 17-19','DESACTIVADO', 20)
	insert into TCurso Values ('C015','ARCGIS II','A','Ma-Ju: 09-11','DESACTIVADO', 25)
	insert into TCurso Values ('C016','ARCGIS II','B','Ma-Ju: 17-19','DESACTIVADO', 25)*/
	
	--USE db_BDSistemaMantenimientosCCI
	--exec sp_listar_mCurso 
	--exec sp_Buscar_mCurso 'DesarrolloII'
	delete from TCurso

	/*===================================================================================================*/
	/*************************************************************************************
								Datos de Detalle_Pago
	**************************************************************************************/
	--Curso 01 ofimatica I A
	USE db_BDSistemaMantenimientosCCI
	insert into Detalle_Pago Values('DP001',250.0,'Caja Cusco','Sin Observaciones')
	insert into Detalle_Pago Values('DP002',250.0,'VISA','Sin Observaciones')
	insert into Detalle_Pago Values('DP003',250.0,'Caja Cusco','Sin Observaciones')
	insert into Detalle_Pago Values('DP004',250.0,'VISA','Sin Observaciones')
	insert into Detalle_Pago Values('DP005',250.0,'PaytoPeru','Sin Observaciones')
	insert into Detalle_Pago Values('DP006',250.0,'Caja Cusco','Sin Observaciones')
	insert into Detalle_Pago Values('DP007',250.0,'PaytoPeru','Sin Observaciones')
	insert into Detalle_Pago Values('DP008',250.0,'Caja Cusco','Sin Observaciones')
	insert into Detalle_Pago Values('DP009',250.0,'VISA','Sin Observaciones')
	insert into Detalle_Pago Values('DP010',250.0,'VISA','Sin Observaciones')
	insert into Detalle_Pago Values('DP011',250.0,'PaytoPeru','Sin Observaciones')
	insert into Detalle_Pago Values('DP012',250.0,'Caja Cusco','Sin Observaciones')
	--Curso 02: Ofimatica II A
	insert into Detalle_Pago Values('DP013',300.0,'Caja Cusco','Sin Observaciones')
	insert into Detalle_Pago Values('DP014',300.0,'Caja Cusco','Sin Observaciones')
	insert into Detalle_Pago Values('DP015',300.0,'Caja Cusco','Sin Observaciones')
	insert into Detalle_Pago Values('DP016',300.0,'VISA','Sin Observaciones')
	insert into Detalle_Pago Values('DP017',300.0,'VISA','Sin Observaciones')
	insert into Detalle_Pago Values('DP018',300.0,'PaytoPeru','Sin Observaciones')
	insert into Detalle_Pago Values('DP019',300.0,'PaytoPeru','Sin Observaciones')
	insert into Detalle_Pago Values('DP020',300.0,'VISA','Sin Observaciones')
	insert into Detalle_Pago Values('DP021',300.0,'Caja Cusco','Sin Observaciones')
	insert into Detalle_Pago Values('DP022',300.0,'Caja Cusco','Sin Observaciones')
	insert into Detalle_Pago Values('DP023',300.0,'PaytoPeru','Sin Observaciones')
	insert into Detalle_Pago Values('DP024',300.0,'PaytoPeru','Sin Observaciones')
	insert into Detalle_Pago Values('DP025',300.0,'Caja Cusco','Sin Observaciones')
	insert into Detalle_Pago Values('DP026',300.0,'Caja Cusco','Sin Observaciones')
	insert into Detalle_Pago Values('DP027',300.0,'Caja Cusco','Sin Observaciones')
	--Curso 03: AutoCad 2D
	insert into Detalle_Pago Values('DP028',320.0,'Caja Cusco','Sin Observaciones')
	insert into Detalle_Pago Values('DP029',320.0,'Caja Cusco','Sin Observaciones')
	insert into Detalle_Pago Values('DP030',320.0,'Caja Cusco','Sin Observaciones')
	insert into Detalle_Pago Values('DP031',320.0,'PaytoPeru','Sin Observaciones')
	insert into Detalle_Pago Values('DP032',320.0,'PaytoPeru','Sin Observaciones')
	insert into Detalle_Pago Values('DP033',320.0,'PaytoPeru','Sin Observaciones')
	insert into Detalle_Pago Values('DP034',320.0,'Caja Cusco','Sin Observaciones')
	insert into Detalle_Pago Values('DP035',320.0,'VISA','Sin Observaciones')
	insert into Detalle_Pago Values('DP036',320.0,'VISA','Sin Observaciones')
	insert into Detalle_Pago Values('DP037',320.0,'Caja Cusco','Sin Observaciones')
	--Curso 04 AutoCad 3d B
	insert into Detalle_Pago Values('DP038',300.0,'Caja Cusco','Sin Observaciones')
	insert into Detalle_Pago Values('DP039',300.0,'Caja Cusco','Sin Observaciones')
	insert into Detalle_Pago Values('DP040',300.0,'VISA','Sin Observaciones')
	insert into Detalle_Pago Values('DP041',300.0,'VISA','Sin Observaciones')
	insert into Detalle_Pago Values('DP042',300.0,'Caja Cusco','Sin Observaciones')
	insert into Detalle_Pago Values('DP043',300.0,'PaytoPeru','Sin Observaciones')
	--Curso 05 Arcgis II B
	insert into Detalle_Pago Values('DP044',320.0,'Caja Cusco','Sin Observaciones')
	insert into Detalle_Pago Values('DP045',320.0,'PaytoPeru','Sin Observaciones')
	insert into Detalle_Pago Values('DP046',320.0,'PaytoPeru','Sin Observaciones')
	insert into Detalle_Pago Values('DP047',320.0,'Caja Cusco','Sin Observaciones')
	insert into Detalle_Pago Values('DP048',320.0,'Caja Cusco','Sin Observaciones')
	insert into Detalle_Pago Values('DP049',320.0,'Caja Cusco','Sin Observaciones')
	insert into Detalle_Pago Values('DP050',320.0,'VISA','Sin Observaciones')
	--Curso 06 Offimatica B
	insert into Detalle_Pago Values('DP051',250.0,'Caja Cusco','Sin Observaciones')
	insert into Detalle_Pago Values('DP052',250.0,'PaytoPeru','Sin Observaciones')
	insert into Detalle_Pago Values('DP053',250.0,'PaytoPeru','Sin Observaciones')
	insert into Detalle_Pago Values('DP054',250.0,'Caja Cusco','Sin Observaciones')
	insert into Detalle_Pago Values('DP055',250.0,'Caja Cusco','Sin Observaciones')
	insert into Detalle_Pago Values('DP056',250.0,'Caja Cusco','Sin Observaciones')
	insert into Detalle_Pago Values('DP057',250.0,'VISA','Sin Observaciones')

	/***************************************************************************************
									Datos de Pago(50 datos)
	****************************************************************************************/
	--Curso1: Ofimatica I A
	insert into Pago Values('P001','A0001','C001','DP001')
	insert into Pago Values('P002','A0002','C001','DP002')
	insert into Pago Values('P003','A0003','C001','DP003')
	insert into Pago Values('P004','A0004','C001','DP004')
	insert into Pago Values('P005','A0005','C001','DP005')
	insert into Pago Values('P006','A0006','C001','DP006')
	insert into Pago Values('P007','A0007','C001','DP007')
	insert into Pago Values('P008','A0008','C001','DP008')
	insert into Pago Values('P009','A0009','C001','DP009')
	insert into Pago Values('P010','A0010','C001','DP010')
	insert into Pago Values('P011','A0011','C001','DP011')
	insert into Pago Values('P012','A0012','C001','DP012')
	--Curso 02: Ofimatica II A
	insert into Pago Values('P013','A0013','C003','DP013')
	insert into Pago Values('P014','A0014','C003','DP014')
	insert into Pago Values('P015','A0015','C003','DP015')
	insert into Pago Values('P016','A0016','C003','DP016')
	insert into Pago Values('P017','A0017','C003','DP017')
	insert into Pago Values('P018','A0018','C003','DP018')
	insert into Pago Values('P019','A0019','C003','DP019')
	insert into Pago Values('P020','A0020','C003','DP020')
	insert into Pago Values('P021','A0021','C003','DP021')
	insert into Pago Values('P022','A0022','C003','DP022')
	insert into Pago Values('P023','A0023','C003','DP023')
	insert into Pago Values('P024','A0024','C003','DP024')
	insert into Pago Values('P025','A0025','C003','DP025')
	insert into Pago Values('P026','A0026','C003','DP026')
	insert into Pago Values('P027','A0027','C003','DP027')
	--Curso 03: AutoCad 2D A
	insert into Pago Values('P028','A0028','C007','DP028')
	insert into Pago Values('P029','A0029','C007','DP029')
	insert into Pago Values('P030','A0030','C007','DP030')
	insert into Pago Values('P031','A0031','C007','DP031')
	insert into Pago Values('P032','A0032','C007','DP032')
	insert into Pago Values('P033','A0033','C007','DP033')
	insert into Pago Values('P034','A0034','C007','DP034')
	insert into Pago Values('P035','A0035','C007','DP035')
	insert into Pago Values('P036','A0036','C007','DP036')
	insert into Pago Values('P037','A0037','C007','DP037')
	--Curso 04 AutoCad 3d B
	insert into Pago Values('P038','A0038','C010','DP038')
	insert into Pago Values('P039','A0039','C010','DP039')
	insert into Pago Values('P040','A0040','C010','DP040')
	insert into Pago Values('P041','A0041','C010','DP041')
	insert into Pago Values('P042','A0042','C010','DP042')
	insert into Pago Values('P043','A0043','C010','DP043')
	--Curso 05 Arcgis II B
	insert into Pago Values('P044','A0044','C016','DP044')
	insert into Pago Values('P045','A0045','C016','DP045')
	insert into Pago Values('P046','A0046','C016','DP046')
	insert into Pago Values('P047','A0047','C016','DP047')
	insert into Pago Values('P048','A0048','C016','DP048')
	insert into Pago Values('P049','A0049','C016','DP049')
	insert into Pago Values('P050','A0050','C016','DP050')

	--Curso 06 OFfimatica B
	insert into Pago Values('P051','A0051','C002','DP051')
	insert into Pago Values('P052','A0052','C002','DP052')
	insert into Pago Values('P053','A0053','C002','DP053')
	insert into Pago Values('P054','A0054','C002','DP054')
	insert into Pago Values('P055','A0055','C002','DP055')
	insert into Pago Values('P056','A0056','C002','DP056')
	insert into Pago Values('P057','A0057','C002','DP057')

	--exec pListarCursos 'DESACTIVADO'
	--exec pRecuperarCursoCodigo 'C002'
	--exec pRecuperarCursoNombre 'Matematica','A'
	--exec pListaAlumnos 'C002'
	--exec pActulizarEstado 'C003','ACTIVADO'
	--delete from Pago
	--select * from Pago
	--select * from TCurso
	--select * from Detalle_Pago
	--delete from Detalle_Pago

	/*===================================================================================================*/
	insert into Boleta values ('0001','1111','',120.00,'DCTO2',120.00,'C001','A0001','173622')
	insert into Boleta values ('0002','1111','',120.00,'DCTO2',120.00,'C001','A0002','173672')
	insert into Boleta values ('0003','1111','',120.00,'DCTO2',120.00,'C001','A0003','173652')
	insert into Boleta values ('0004','1111','',120.00,'DCTO2',120.00,'C002','A0004','163632')
	insert into Boleta values ('0005','1111','',120.00,'DCTO2',120.00,'C002','A0005','176632')
	insert into Boleta values ('0006','1111','',120.00,'DCTO2',120.00,'C001','A0006','184643')
	insert into Boleta values ('0007','1111','',120.00,'DCTO2',120.00,'C001','A0007','184644')
	insert into Boleta values ('0008','1111','',120.00,'DCTO2',120.00,'C001','A0008','184645')
	insert into Boleta values ('0009','1111','',120.00,'DCTO2',120.00,'C002','A0009','184646')
	insert into Boleta values ('0010','1111','',120.00,'DCTO2',120.00,'C002','A0010','184647')
	insert into Boleta values ('0011','1111','',120.00,'DCTO2',120.00,'C002','A0011','184648')
	insert into Boleta values ('0012','1111','',120.00,'DCTO2',120.00,'C002','A0012','184649')
	select * from Boleta

	insert into CursoActivo values ('OI001A','A','OFFICE INTENSIVO','GENERAL','DAI',10,'LU...VI','15-17','SEPTIEMBRE','2021')
	insert into CursoActivo values ('OI001B','B','OFFICE INTENSIVO','GENERAL','DAI',10,'LU...VI','17-19','SEPTIEMBRE','2021')
	insert into CursoActivo values ('OF001A','A','OFIMATICA','GENERAL','DAI',10,'LU...VI','09-11','SEPTIEMBRE','2021')
	insert into CursoActivo values ('OF001B','B','OFIMATICA','GENERAL','DAI',10,'LU...VI','09-11','SEPTIEMBRE','2021')
	insert into CursoActivo values ('OFII1A','A','OFIMATICA II','GENERAL','DAI',10,'LU...VI','11-13','SEPTIEMBRE','2021')
	insert into CursoActivo values ('OFII1B','B','OFIMATICA II','GENERAL','DAI',10,'LU...VI','15-17','SEPTIEMBRE','2021')
	insert into CursoActivo values ('OIII1A','A','OFIMATICA III','GENERAL','DAI',10,'LU...VI','15-17','SEPTIEMBRE','2021')
	insert into CursoActivo values ('OIII1B','B','OFIMATICA III','GENERAL','DAI',10,'LU...VI','17-19','SEPTIEMBRE','2021')
	insert into CursoActivo values ('DG001A','A','DISEÑO GRAFICO PUBLICITARIO II','GENERAL','DAI',10,'LU...VI','15-17','SEPTIEMBRE','2021')
	insert into CursoActivo values ('DG001B','B','DISEÑO GRAFICO PUBLICITARIO II','GENERAL','DAI',10,'LU...VI','17-19','SEPTIEMBRE','2021')
	insert into CursoActivo values ('AI001A','A','ARCGIS I','GENERAL','DAI',10,'LU...VI','15-17','SEPTIEMBRE','2021')
	insert into CursoActivo values ('AI001B','B','ARCGIS I','GENERAL','DAI',10,'LU...VI','19-21','SEPTIEMBRE','2021')
	insert into CursoActivo values ('A2D01A','A','AUTOCAD 2D','GENERAL','DAI',10,'LU...VI','15-17','SEPTIEMBRE','2021')
	select * from CursoActivo 

	insert into Matricula values ('M001',2021,'NOVIEMBRE' ,'OI001A','0001')
	insert into Matricula values ('M002',2021,'NOVIEMBRE' ,'OI001B','0002')
	insert into Matricula values ('M003',2021,'NOVIEMBRE' ,'OF001A','0003')
	insert into Matricula values ('M004',2021,'NOVIEMBRE' ,'OF001B','0004')
	insert into Matricula values ('M005',2021,'NOVIEMBRE' ,'OFII1A','0005')
	insert into Matricula values ('M006',2021,'NOVIEMBRE' ,'OFII1B','0006')
	insert into Matricula values ('M007',2021,'NOVIEMBRE' ,'OIII1A','0007')
	insert into Matricula values ('M008',2021,'NOVIEMBRE' ,'OIII1B','0008')
	insert into Matricula values ('M009',2021,'NOVIEMBRE' ,'DG001A','0009')
	insert into Matricula values ('M010',2021,'NOVIEMBRE' ,'DG001B','0010')
	insert into Matricula values ('M011',2021,'NOVIEMBRE' ,'AI001A','0011')
	insert into Matricula values ('M012',2021,'NOVIEMBRE' ,'AI001B','0012')
	select * from Matricula

	--exec SP_Buscar_EstudianteMatriculado 'A0001'
	--exec SP_DetalleMatriculaEstudiante
	--exec SP_Listar_EstudianteMatriculado
	--exec SP_AgregarBoletaEstudiante '0013','1111','',120.00,'DCTO2',120.00,'C002','A0012','184649'
	--exec SP_Mostrar_TipoDescuento
	--exec SP_Mostrar_CursoActivo

	/*===================================================================================================*/

	--exec SP_SeleccionCursos
	--exec SP_SeleccionCursosxCategorias 'DAI','SEPTIEMBRE','2021'
	--exec SP_BuscarCursosxTodosLosCampos 'OFIMATICA III'
	--exec SP_BuscarCursosSinCargaxTodosLosCamposxCategorias 'DAI','SEPTIEMBRE','2021',''
	--exec SP_SeleccionDocentes
	--exec SP_SeleccionDocentes_SoloNombresCompletos
	--exec SP_BuscarDocentesxApellidosNombres 'Ayquipa'
	--exec SP_MostrarDocentesDisponibles '09-11','SEPTIEMBRE','2021','LU...VI'